UniqueId|Name|DOB|Address|Mobile|Account No|Balance
OQD46|Alden Cooper|11/23/18|Ap #941-9473 Ipsum Ave|1658120421999|1636091368099|9259
IPG84|Roth Koch|04/18/20|P.O. Box 733, 4364 Lorem, Avenue|1607072457799|1655092401899|8254
YQC27|Asher Bradley|06/08/19|Ap #334-7188 Interdum Rd.|1620112270799|1672120744299|6802
GWD47|Calvin Burnett|02/28/19|Ap #268-176 Magna Avenue|1626051106999|1659032375699|7081
NVF99|Hakeem Fitzgerald|03/07/19|4693 Nulla St.|1626011471999|1634071417899|1682
URN47|Peter Mcdonald|08/28/20|436-7970 Cursus Rd.|1638111836499|1657080823699|7781
KEQ74|Julian Bauer|09/03/19|2082 Adipiscing Avenue|1652091852799|1639052407799|9670
QAB56|Keith Jackson|10/31/18|220-4250 Integer Rd.|1699021601099|1677090944099|9189
LEF90|Griffith Burch|08/02/19|9984 Erat. Rd.|1616022633299|1644082602299|9402
PUW70|Elmo Parks|04/09/19|P.O. Box 550, 2173 Nunc Av.|1667102685199|1617012938399|7624
DNE41|Flynn Warner|03/03/19|P.O. Box 635, 4549 Eu Ave|1654071210599|1662050424499|1536
ZHX53|Geoffrey Brooks|09/14/20|6572 Pharetra. St.|1649011864099|1610092281499|1944
ZQR34|Brett Best|05/22/20|Ap #807-219 Mauris Avenue|1651062569299|1645091230999|1377
MUE49|Leonard Howe|01/24/20|823-1945 Metus. Rd.|1624040587699|1610100597499|3608
QFK38|Kareem Lopez|09/08/19|P.O. Box 316, 4476 Auctor Street|1688081351899|1690030897699|5225
GVP78|Gil Huber|09/16/20|7159 Dictum Rd.|1664112967899|1619010213999|2332
LCV53|Phelan King|11/06/18|P.O. Box 749, 4760 Diam St.|1607121652699|1673120752899|8702
TVY71|Plato Cotton|12/23/19|P.O. Box 725, 3956 Dui, Rd.|1613060864999|1637021611299|9733
JBI99|Leo Newman|12/06/19|P.O. Box 986, 9473 Sit Ave|1672031197099|1662092414899|1795
IWC67|Cairo Ellis|10/30/18|1916 Auctor Rd.|1651110556199|1675083017599|6610
JUY27|Erasmus Mccarty|08/22/20|Ap #460-6651 At St.|1624011235499|1609121615299|4692
IZA91|Plato Stone|10/12/18|204-9759 Molestie Rd.|1653070886499|1607122735599|9042
VCQ59|Kevin Miles|10/09/19|335-7659 Integer Rd.|1648122019399|1667052065099|9596
YLO82|Vladimir Copeland|06/28/20|3073 Fringilla Ave|1646060132899|1689120906999|3364
CQV58|Vaughan Webster|10/18/19|404-1789 Vulputate, Av.|1663092751899|1608102830699|1276
WYB15|Beau Peterson|09/05/20|616-6658 Arcu. Av.|1630102667199|1602032498499|4704
VIV08|Brock Mack|03/28/20|966-2577 Lacinia St.|1652121310699|1651032685799|2510
NQO26|Aquila Dillon|09/02/19|2831 Vel Rd.|1625051107999|1603070254699|2064
KPF60|Dean Lloyd|09/08/20|916-4205 Enim. Rd.|1630082379899|1637120191899|1419
KCZ06|Thaddeus Mathews|09/01/19|642-3991 Tellus. Road|1686061263599|1633062651299|8600
IOI62|Fulton Haynes|03/29/20|Ap #415-3981 Ante. Street|1693050906699|1639050602299|9512
SMK06|Judah Adams|05/04/19|3796 Turpis Rd.|1614090923599|1694032441799|7030
FEU35|Clinton Berry|02/08/19|1200 Blandit Rd.|1638072104199|1640102207999|8107
TEJ71|Merrill Hull|04/11/19|2540 Tellus, Street|1610011679599|1624021951899|5715
YYW59|Walter Haney|11/06/19|527-3295 Sagittis St.|1627092469899|1612012324799|8006
MLS12|Raymond Barrett|09/16/19|3094 Semper Street|1680050807799|1653100273899|2837
JHY43|Duncan Adams|03/23/20|9253 Nunc St.|1624082941499|1658022329299|7708
ZAB68|Nathaniel Wiley|03/31/19|194-5030 Sit Rd.|1652101806299|1627032623099|5619
AWC05|Philip Livingston|11/02/18|252-4022 Faucibus Rd.|1600031198299|1699121329599|1636
KXO69|Xander Stein|09/07/20|P.O. Box 184, 6263 Ipsum. Road|1675101165299|1649062389099|9016
ZCW97|Lucius Reed|12/26/19|4435 Nec Avenue|1622061270899|1682090215899|4147
GFX34|Mason James|10/08/20|P.O. Box 785, 7895 Pharetra. Rd.|1671022101199|1654041370899|9059
PYY02|Brett Barry|08/14/20|P.O. Box 311, 5881 Dolor Ave|1676022964499|1684032064799|4182
WCC18|Jesse Casey|01/19/19|3911 Nisi St.|1610030235299|1630060378999|7388
VKE07|Reuben Chavez|01/13/19|P.O. Box 162, 8118 Dictum Street|1632111334699|1655011278199|7084
WXN77|Richard Melendez|12/06/19|2589 Convallis Ave|1681061613499|1640031438699|9340
WEE63|Timon Whitehead|01/22/20|P.O. Box 311, 1140 Lectus. St.|1638011713799|1695092713299|5369
ESY25|Xavier Buckley|02/05/19|8129 Orci Ave|1648122795799|1671082995199|3067
OTB05|Vaughan Mccarthy|03/31/19|408-6824 Sapien, Ave|1604023022599|1696072603099|7494
AHO89|Damian Oneil|06/27/19|Ap #809-1637 Purus. St.|1657042100999|1669112713399|9574
RBB35|Axel Rosa|02/28/20|602-1300 Magna. St.|1690082160299|1620091945599|1469
OMN64|Burke Caldwell|01/22/19|P.O. Box 838, 3245 Vulputate Street|1657041767299|1693070613099|9160
EYP61|Nigel Pruitt|01/04/19|172-7256 Lacinia St.|1616090126899|1638020656999|4311
IQT21|Harrison Travis|10/03/19|245-1700 Lobortis Avenue|1678091807699|1611101611099|1581
ROF82|Tarik Stewart|09/08/20|4492 Suspendisse Rd.|1608050806299|1613050701299|8407
ARL41|Len Knapp|02/23/19|5614 Fermentum Av.|1675060393399|1659090577399|3910
IOF66|Harrison Pennington|11/17/18|P.O. Box 543, 3398 Amet Rd.|1667021719599|1682082766499|1168
JZI83|Barry Peters|11/02/18|698-2201 Curabitur Rd.|1614042999899|1628120906099|1090
MUO59|Armand Soto|08/10/20|Ap #118-3141 Euismod Rd.|1646060633099|1671081838799|3146
XNW82|Francis Watkins|01/25/19|4458 Sed Street|1624031900999|1642111467399|8390
TQY08|Cade Snider|07/09/20|206-105 Cras Ave|1635120903499|1666091584699|6367
WNH19|Asher Burks|03/14/19|200-1408 Primis Rd.|1675041227799|1664072335299|1536
PGU97|Craig Santiago|12/10/18|6273 Parturient Rd.|1622020452899|1654081839999|5571
JSB74|Jerome Rivers|01/25/20|3331 Pellentesque Rd.|1614120527199|1607090454199|7838
PZN13|Galvin Hickman|12/27/19|6157 Magna Rd.|1680031009599|1699062448099|8106
GDZ90|Ahmed Kline|08/19/20|982-4123 Velit. Avenue|1620111978199|1664091095699|4129
QBU86|Malachi Christensen|06/27/19|Ap #311-6275 Nunc Rd.|1675052419899|1649062126399|5026
BQJ65|Dennis Alford|11/22/19|434-5118 Elit Avenue|1669052363999|1666042286799|8194
IEJ00|Baker Simmons|05/24/20|450-6910 Phasellus St.|1606112948899|1618031740899|1195
PFL24|Tad Brennan|10/17/18|P.O. Box 432, 8440 Fusce Street|1638042953599|1637062948199|1059
JWA06|Cyrus Johnston|06/12/20|Ap #620-1139 Sit Ave|1691080308399|1684102081499|6202
WWK70|Wayne Conley|03/01/20|198-3456 Lectus, Avenue|1646092552199|1656120449399|1862
MSH22|Price Peterson|11/07/19|4018 Enim. Avenue|1609040252499|1601061990899|8381
YXY16|Lewis Hopper|10/04/20|P.O. Box 609, 7357 Ac Ave|1682100476699|1698021821699|7582
GKM08|Amal Chavez|08/14/20|439-9391 Ligula Road|1659110957599|1690092290099|5227
XWS29|Kareem Cochran|05/29/20|235-9283 At Rd.|1656030111399|1675092326399|6830
ZQV82|Jamal Best|11/27/19|Ap #716-6775 Netus Street|1654091614199|1623110859399|2216
SQX58|Otto Dorsey|07/26/20|P.O. Box 854, 3821 Vulputate Avenue|1654022301799|1631082385299|5892
NUP49|Dustin Romero|03/01/20|374-1012 Amet St.|1644082191099|1682090312899|1303
EMA64|Ryan Banks|01/10/19|209-1504 Pellentesque. Rd.|1640041076399|1656010881699|2076
IGD48|Jared Mosley|11/19/18|388-8042 Ornare. Street|1636122224999|1654102851099|3796
PDT93|Grady Stanley|07/06/20|P.O. Box 367, 7246 Duis Rd.|1627031643299|1669111222899|4908
KLV90|Jarrod Morrison|08/13/19|Ap #516-3558 At St.|1676110312699|1650011492599|1195
OBH55|Ralph Ayers|01/04/20|279-8228 Cursus Rd.|1697091500999|1686012193399|9702
NOC74|Alexander Burt|09/27/20|9391 Justo Avenue|1682120514099|1648052529599|2162
LAA09|Kenneth Beach|04/14/19|514-3220 Risus. Av.|1643112732099|1624022232499|6812
SFU42|Gray Cohen|01/17/20|3250 Diam Av.|1660120103199|1608020343299|4838
LWH81|Devin Sherman|10/29/19|8304 Phasellus Av.|1644081384199|1606071756499|7682
XVQ41|Baker Fisher|10/18/19|Ap #728-2866 Et Road|1646041294799|1605073060299|6490
WFH84|Solomon Mendoza|08/03/20|P.O. Box 600, 6607 Mollis. Avenue|1671053011499|1640052227299|3928
QID21|Theodore Bennett|09/23/20|674 Ac Avenue|1618072825899|1626102834199|7757
VNI92|Davis Reyes|07/17/20|779-871 Cras Street|1642012577999|1625020246999|5072
MVF95|Erich Patterson|12/17/19|427-9848 Magna. Av.|1603041653399|1664022648799|7261
EGW58|Colt Zamora|04/21/20|850-3698 Egestas, St.|1654080863099|1681090576099|1853
ZWQ40|Brody Norman|09/30/19|239-6860 Sem Rd.|1616070973099|1630041111399|8263
WUB67|Micah Wiley|07/31/20|560-1146 Accumsan Street|1605070914599|1660091326299|3941
BBK79|Harrison Bentley|12/12/19|783-2323 Ante Avenue|1661053049199|1678102499099|1962
ILI92|Wang Mcintosh|09/29/19|Ap #838-3776 Lacinia Ave|1631071396999|1620122056399|6620
KOP00|Logan Contreras|09/04/19|Ap #640-2310 Tincidunt St.|1607010798599|1698042935599|5378
FTJ61|George Meyers|05/13/19|9558 Vulputate St.|1697122919199|1635072668199|9210